CREATE DATABASE HR_Database;

# drop database HR_Database;

use HR_Database;

CREATE TABLE Regions(Regions_id int PRIMARY KEY,
                     Region_name varchar(25));

INSERT INTO Regions VALUES(1,'North America'),
                          (2,'Africa'),
                          (3,'Europe'),
                          (4,'Asia'),
                          (5,'South America'),
                          (6,'Oceania'),
                         (7,'New Brunswick'),
(8,'Pince Edward Island'),
(9,'Saskatchewan'),
(10,'Newfoundland and Labrador'),
(11, 'California'),
(12, 'New York'),
(13, 'Manchester'),
(14, 'London'),
(15, 'Amsterdam'),
(16, 'Rotterdam');

CREATE TABLE Countries(Country_id char(2) PRIMARY KEY,
                       Country_name varchar(40),
                       Regions_id int);
INSERT INTO Countries VALUE ('CA', 'Canada', 1),
                            ('US', 'United States', 1),
                            ('ME', 'Mexico', 1),
                            ('NG', 'Nigeria', 2),
                            ('GH', 'Ghana', 2),
                            ('SA', 'South Africa', 2),
                            ('UK', 'United Kingdom', 3),
                            ('NL', 'Netherlands', 3),
                            ('GE', 'Germany', 3),
                            ('CN', 'China', 4),
                            ('IN', 'India', 4),
                            ('SK', 'South Korea', 4),
                            ('AG', 'Argentina', 5),
                            ('BR', 'Brazil', 5),
                            ('CO', 'Colombia', 5),
                            ('AU', 'Australia', 6),
                            ('SI', 'Solomon Islands', 6),
                            ('NZ', 'New Zealand', 6);

CREATE TABLE Locations(Location_id int PRIMARY KEY,
                       Street_address varchar(25),
                       Postal_code varchar(12),
                       City varchar(30),
                       State_province varchar(50),
                       country_id char(2));

INSERT INTO Locations VALUES(1,'1600 Pennsylvania Ave','20500','Washington','Colombia','US'),
                            (2,'540 Manning Ave', 'M6G 2V9', 'Toronto', 'Ontario','CA'),
                            (3, 'Republic de Brasil 8', '06000', 'Mexico city', 'Mexico', 'ME'),
                            (4, '26 McCarthy St.', '110024', 'Onikan', 'Lagos', 'NG'),
                            (5, '13 Kwame St', '465AC', 'Accra', 'GAR', 'GH'),
                            (6, '88 Pretoria Road','7637JH','Johannesburgh','Gauteng','SA'),
                            (7, '2 Bolam House','NE4 6BT','Newcastle','Tyne & wear','UK'),
                            (8, '628 Kantershof','1104HJ','Amsterdam','North Holland','NL'),
                            (9, '44 Berlin Way','2205GE', 'Berlin', 'Berlin', 'GE'),
                            (10, 'No. 99 Xihu Road', '510030', 'Guangzhou City','Yuexiu','CN'),
                            (11, '3e-14, Nit', '121001', 'Delhi', 'Haryana', 'IN'),
                            (12, '131-1, Gamjeon-dong','330221','Sasang-gu', 'Busan', 'SK'),
                            (13, 'Rivadavia 1778', '40442', 'Corrientes', 'Corrientes', 'AG'),
                            (14, 'Avenida Floresta 462', '69087-630', 'Manaus','Amazonas', 'BR'),
                            (15, 'cr.28 b 38 b180', '2099-023', 'Medellín', 'Medellín', 'CO'),
                            (16, '71 Warren Avenue', '2263', 'Barrabool', 'Victoria', 'AU'),
                            (17, '23 Cottage St.','22203', 'Honiara','Guadalcanal','SI'),
                            (18, '114 Ash Street', '4010', 'Inner Kati', 'Gisborne','NZ');

CREATE TABLE Departments(Department_id int PRIMARY KEY,
                         Department_name varchar(30),
                         Manager_id int,
                         Location_id int);

INSERT INTO Departments VALUES(1, 'Structures', 1, 1),
                              (2, 'Structures', 2, 2),
                              (3, 'Structures', 3, 3),
                              (4, 'Structures', 4, 4),
                              (5, 'Structures', 5, 5),
                              (6, 'Structures', 6, 6),
                              (7, 'Structures', 7, 7),
                              (8, 'Structures', 8, 8),
                              (9, 'Structures', 9, 9),
                              (10, 'Structures', 10,10),
                              (11, 'Structures', 11, 11),
                              (12, 'Structures', 12, 12),
                              (13, 'Structures', 13, 13),
                              (14, 'Structures', 14, 14),
                              (15, 'Structures', 15, 15),
                              (16, 'Structures', 16, 16),
                              (17, 'Structures', 17, 17),
                              (18, 'Structures', 18, 18),

                              (19, 'Environmental', 19, 1),
                              (20, 'Environmental', 20, 2),
                              (21, 'Environmental', 21, 3),
                              (22, 'Environmental', 22, 4),
                              (23, 'Environmental', 23, 5),
                              (24, 'Environmental', 24, 6),
                              (25, 'Environmental', 25, 7),
                              (26, 'Environmental', 26, 8),
                              (27, 'Environmental', 27, 9),
                              (28, 'Environmental', 28,10),
                              (29, 'Environmental', 29, 11),
                              (30, 'Environmental', 30, 12),
                              (31, 'Environmental', 31, 13),
                              (32, 'Environmental', 32, 14),
                              (33, 'Environmental', 33, 15),
                              (34, 'Environmental', 34, 16),
                              (35, 'Environmental', 35, 17),
                              (36, 'Environmental', 36, 18),

                              (37, 'Highway', 37, 1),
                              (38, 'Highway', 38, 2),
                              (39, 'Highway', 39, 3),
                              (40, 'Highway', 40, 4),
                              (41, 'Highway', 41, 5),
                              (42, 'Highway', 42, 6),
                              (43, 'Highway', 43, 7),
                              (44, 'Highway', 44, 8),
                              (45, 'Highway', 45, 9),
                              (46, 'Highway', 46,10),
                              (47, 'Highway', 47, 11),
                              (48, 'Highway', 48, 12),
                              (49, 'Highway', 49, 13),
                              (50, 'Highway', 50, 14),
                              (51, 'Highway', 51, 15),
                              (52, 'Highway', 52, 16),
                              (53, 'Highway', 53, 17),
                              (54, 'Highway', 54, 18),

                              (55, 'Geotechnics', 55, 1),
                              (56, 'Geotechnics', 56, 2),
                              (57, 'Geotechnics', 57, 3),
                              (58, 'Geotechnics', 58, 4),
                              (59, 'Geotechnics', 59, 5),
                              (60, 'Geotechnics', 60, 6),
                              (61, 'Geotechnics', 61, 7),
                              (62, 'Geotechnics', 62, 8),
                              (63, 'Geotechnics', 63, 9),
                              (64, 'Geotechnics', 64,10),
                              (65, 'Geotechnics', 65, 11),
                              (66, 'Geotechnics', 66, 12),
                              (67, 'Geotechnics', 67, 13),
                              (68, 'Geotechnics', 68, 14),
                              (69, 'Geotechnics', 69, 15),
                              (70, 'Geotechnics', 70, 16),
                              (71, 'Geotechnics', 71, 17),
                              (72, 'Geotechnics', 72, 18);
update Departments set Department_name='Structures' where Department_id=18;

CREATE TABLE Employees(Employee_id int PRIMARY KEY,
                       First_name varchar(20),
                       Last_name varchar(25),
                       Email varchar(50),
                       Phone_number varchar(20),
                       Hire_date date,
                       Job_id varchar(10),
                       Salary int,
                       Commission_PCT int,
                       Manager_id int,
                       Department_id int);

INSERT INTO Employees VALUES
                          (1,'Helena','Stoll','helst@egl-inc.info', '6478462745', '2011-04-01', '123AD', 90000,10,1,1),
                          (2,'Binda','Yip','bindayi@arvinmeritor.info', '6478462647', '2012-04-11', '123BC', 80000,20,2,2),
                          (3,'Ince','Magoon','in.magoon@autozone-inc.info', '6478462657', '2013-04-21', '123CD', 95000,11,3,3),
                          (4,'Carna','Bass','carna_bas@egl-inc.info', '6478462123', '2016-05-07', '123AD', 70000,13,4,4),
                          (5,'Amund','Maddux','amundma@arvinmeritor.info', '6478462900', '2019-06-01', '123CD', 70000,14,5,5),
                          (6,'Taylar','Fairley','ta_fairle@diaperstack.com', '6478462890', '2018-02-11', '123BC', 65000,13,6,6),
                          (7,'Sencer','Traxler','se.trax@autozone-inc.info', '6478462357', '2017-01-01', '123BC', 100000,10,7,7),
                          (8,'Corina','Jensen','cori_jens@progressenergyinc.info','6478462745', '2011-04-01', '123AD', 90000,10,8,8),
                          (9,'Cyric','Lowry','cylowry@arketmay.com', '6478462267', '2011-04-27', '123CD', 800000,10,9,9),
                          (10,'Cyric','Chin','cyrich@arvinmeritor.info', '6478462745', '2011-04-01', '123EC',90000,13,10,10),
                          (11,'Joyanne','Rohn','joya-rohn@careful-organics.org', '6478462745', '2011-04-01','123AD', 90000,10,11,11),
                          (12,'Chavi','Nolte','chanolte@progressenergyinc.info', '6477462647', '2012-04-22','123BC', 80000,20,12,12),
                          (13,'Geordie','Chin','geordie.ch@arketmay.com', '6478462677', '2013-04-21', '123EC', 95000,11,13,13),
                          (14,'Zara','Macarthur','zar-macart@consol-research.net','6479462123','2016-05-07','123AD', 70000,13,14,14),
                          (15,'Delbert','Stemple','delbert-stemp@carful-orga.org','6478462901','2019-08-01','123EC', 70000,14,15,15),
                          (16,'Severn','Stoll','sev.st@progressenergyinc.info','6478462745', '2011-04-01', '123AD', 90000,10,16,16),
                          (17,'Neale','Langlois','ne-langlois@diaperstack.com', '6478562267','2021-04-17', '123BC', 800000,10,17,17),
                          (18,'Ingemar','Hintze','ingemar.hin@egl-inc.info', '6478462745', '2011-04-01', '123AD', 90000,10,18,18),
                          (19,'Abrienda','Victorino','abrie-vic@conresearch.net', '6478462647','2012-04-11','123BC', 80000,20,19,19),
                          (20,'Trude','Nair','trna@arketmay.com', '6478462657', '2013-04-21', '123CD', 95000,11,20,20),
                          (21,'Magdalene','Dilley','magd-dille@autozone-inc.info','6478462123','2016-05-07', '123AD',70000,13,21,21),
                          (22,'Gwyn','Crick','gwy-cri@progressenergyinc.info', '6478462900', '2019-06-01', '123CD', 70000,14,22,22),
                          (23,'Young','Almeida','you_almeida@careful-organics.org','6478462890','2018-02-11','123BC',65000,13,23,23),
                          (24,'Vitoz','Curtis','vito.cur@arvinmeritor.info', '6478462357', '2017-01-01', '123BC', 100000,10,24,24),
                          (25,'Danny','Ingersoll','dan-in@arketmay.com','6478462745', '2011-04-01', '123AD', 90000,10,25,25),
                          (26,'Filip','Mcduffie','filip.mcduf@egl-inc.info','6478462267', '2011-04-27', '123CD', 800000,10,26,26),
                          (27,'Galatea','Haun','gal-haun@arvinmeritor.info', '6478462745', '2011-04-01', '123EC',90000,13,27,27),
                          (28,'Sajili','Yin','saji.yin@careful-organics.org', '6478462745', '2011-04-01','123AD', 90000,10,28,28),
                          (29,'Latif','Lyda','lat.lyd@acusage.net', '6477462647', '2012-04-22','123BC', 80000,20,29,29),
                          (30,'Tahirah','Leite','tahir.lei@arketmay.com', '6478462677', '2013-04-21', '123EC', 95000,11,30,30),
                          (31,'Alasdair','Huddleston','alasdair-hu@arketmay.com','6479462123','2016-05-07','123AD', 70000,13,31,31),
                          (32,'Isadora','Boutin','isado_bouti@arvinmeritor.info','6478462901','2019-08-01','123EC', 70000,14,32,32),
                          (33,'Roseanne','Fries','rose.frie@acusage.net','6478462745', '2011-04-01', '123AD', 90000,10,33,33),
                          (34,'Dietlinde','Hoban','diethoba@arvinmeritor.info','6478562267','2021-04-17', '123BC', 800000,10,34,34),
                          (35,'Court','Polito','court_po@autozone-inc.info', '6478462745', '2011-04-01', '123AD', 90000,10,35,35),
                          (36,'Angelina','Ingersoll','ange.in@diaperstack.com', '6478462745', '2011-04-01', '123AD', 90000,10,36,36),
                          (37,'Erastus','Boutin','era.bouti@careful-organics.org','6478462647','2012-04-11','123BC', 80000,20,37,37),
                          (38,'Damek','Palumbo','damekpa@egl-inc.info','6478462123','2016-05-07', '123AD',70000,13,38,38),
                          (39,'Sahar','Sherwood','saha_sh@arketmay.com', '6478462900', '2019-06-01', '123CD', 70000,14,39,39),
                          (40,'Eliska','Oxendine','elis_oxend@arketmay.com', '6478462357', '2017-01-01', '123BC', 100000,10,40,40),
                          (41,'Summer','Vazquez','summvazqu@egl-inc.info','6478462745', '2011-04-01', '123AD', 90000,10,41,41),
                          (42,'Jeanette','Katz','jeane.kat@careful-organics.org','6478462745', '2011-04-01', '123EC',90000,13,42,42),
                          (43,'Brae','Rossiter','bra.ros@arketmay.com', '6478462745', '2011-04-01', '123EC',90000,13,43,43),
                          (44,'Jaya','Gainer','jaygain@arketmay.com', '6478462647', '2012-04-22','123BC', 80000,20,44,44),
                          (45,'Chrissy','Huddleston','chrissy.hud@auto-inc.info','6478462677','2013-04-21','123EC', 95000,11,45,45),
                          (46,'Zelotes','Longenecker','zelot-long@arketmay.com', '6478462745', '2011-04-01','123AD', 90000,10,46,46),
                          (47,'Heater','Knorr','hekno@autozone-inc.info', '6478462745', '2011-04-01', '123AD', 90000,10,47,47),
                          (48,'Sajili','Bourke','sajil.bourk@care-organics.org','6478462647','2012-04-11','123BC', 80000,20,48,48),
                          (49,'Lawford','Chadwick','law-chad@arvinmeritor.info','6478462123','2016-05-07', '123AD',70000,13,49,49),
                          (50,'Lavender','Munn','lavender.mu@care-organics.org','6478462900', '2019-06-01', '123CD', 70000,14,50,50),
                          (51,'Kara','Pirtle','karpi@consolid-research.net', '6478462357', '2017-01-01', '123BC', 100000,10,51,51),
                          (52,'Aliya','Subramanian','al_subrama@diaperstack.com','6478462745', '2011-04-01','123AD', 90000,10,52,52),
                          (53,'Araluen','Simonton','aral.si@autozone-inc.info','6478462745', '2011-04-01', '123EC',90000,13,53,53),
                          (54,'Raquelle','Toomey','raquelle-toomey@research.net','6478462745','2011-04-01', '123EC',90000,13,54,54),
                          (55,'Bowman','Regis','bowreg@egl-inc.info', '6478462745', '2011-04-01', '123AD', 90000,10,55,55),
                          (56,'Myall','Haun','myall.haun@autozone-inc.info','6478462647','2012-04-11','123BC', 80000,20,56,56),
                          (57,'Eldridge','Borst','eld-borst@con-research.net','6478462123','2016-05-07', '123AD',70000,13,57,57),
                          (58,'Marvyn','Geissler','marvyn_geissl@meritor.info','6478462900', '2019-06-01', '123CD', 70000,14,58,58),
                          (59,'Chevy','Hutchings','chev-hu@acusage.net','6478462745', '2011-04-01','123AD', 90000,10,59,59),
                          (60,'Ayiana','Allard','ay_all@arvinmeritor.info','6478462745', '2011-04-01', '123EC',90000,13,60,60),
                          (61,'Angelina','Vanatta','angeli_vanatt@acusage.net', '6478462745', '2011-04-01', '123AD', 90000,10,61,61),
                          (62,'Valeray','Dement','valer_dem@autozone-inc.info','6478462123','2016-05-07', '123AD',70000,13,62,62),
                          (63,'Levina','Willett','levina.willet@con-research.net','6478462123','2016-05-07', '123AD',70000,13,63,63),
                          (64,'Klemens','Hartshorn','kle.hartshorn@zone-inc.info','6478462745','2011-04-01','123AD', 90000,10,64,64),
                          (65,'Enzo','Haman','en.ha@diaperstack.com', '6478462745', '2011-04-01', '123AD', 90000,10,65,65),
                          (66,'Whitney','Borst','whitn.bors@autozone-inc.info','6478462677','2013-04-21','123EC', 95000,11,66,66),
                          (67,'Eldridge','English','eldridg-english@egl-inc.info','6478462745','2011-04-01','123AD', 90000,10,67,67),
                          (68,'Sarisha','Holman','sari-holman@cons-research.net','6478462745', '2011-04-01', '123EC',90000,13,68,68),
                          (69,'Brittnee','Loesch','britt.loe@autozone-inc.info','6478462745', '2011-04-01', '123EC',90000,13,69,69),
                          (70,'Airlia','Sebring','airl-se@autozone-inc.info','6478462745', '2011-04-01','123AD', 90000,10,70,70),
                          (71,'Brianne','Pirtle','bria_pir@autozone-inc.info','6478462745', '2011-04-01', '123EC',90000,13,71,71),
                          (72,'Alistair','Furman','alis.furma@arketmay.com', '6478462647', '2012-04-22','123BC', 80000,20,72,72);



CREATE TABLE Job_history(Employee_id int,
                         Start_date date,
                         End_date date,
                         Job_id varchar(10),
                         Department_id int);

INSERT INTO Job_history VALUES
                            (	1,	'2020-04-24',	'2022-05-04',	'123AD',	1	),
                            (	2,	'2020-01-20',	'2022-11-08',	'123CD',	2	),
                            (	3,	'2020-01-31',	'2022-07-12',	'123BC',	3	),
                            (	4,	'2020-10-06',	'2022-11-18',	'123EC',	4	),
                            (	5,	'2020-07-17',	'2022-07-01',	'123AD',	5	),
                            (	6,	'2020-05-06',	'2022-03-22',	'123CD',	6	),
                            (	7,	'2020-07-10',	'2022-03-22',	'123BC',	7	),
                            (	8,	'2020-12-14',	'2022-12-15',	'123EC',	8	),
                            (	9,	'2020-09-04',	'2022-10-19',	'123AD',	9	),
                            (	10,	'2020-01-15',	'2022-06-15',	'123CD',	10	),
                            (	11,	'2020-06-05',	'2022-03-08',	'123BC',	11	),
                            (	12,	'2020-03-16',	'2022-04-29',	'123EC',	12	),
                            (	13,	'2020-02-03',	'2022-01-28',	'123AD',	13	),
                            (	14,	'2020-04-28',	'2022-06-08',	'123CD',	14	),
                            (	15,	'2020-08-12',	'2022-09-13',	'123BC',	15	),
                            (	16,	'2020-10-15',	'2022-11-29',	'123EC',	16	),
                            (	17,	'2020-01-03',	'2022-01-06',	'123AD',	17	),
                            (	18,	'2020-06-04',	'2022-07-11',	'123CD',	18	),
                            (	19,	'2020-03-06',	'2022-02-03',	'123BC',	19	),
                            (	20,	'2020-07-20',	'2022-02-02',	'123EC',	20	),
                            (	21,	'2020-07-24',	'2022-10-24',	'123AD',	21	),
                            (	22,	'2020-07-30',	'2022-11-17',	'123CD',	22	),
                            (	23,	'2020-01-22',	'2022-09-21',	'123BC',	23	),
                            (	24,	'2020-07-09',	'2022-05-13',	'123EC',	24	),
                            (	25,	'2020-07-15',	'2022-06-27',	'123AD',	25	),
                            (	26,	'2020-05-14',	'2022-11-10',	'123CD',	26	),
                            (	27,	'2020-01-30',	'2022-07-28',	'123BC',	27	),
                            (	28,	'2020-11-09',	'2022-05-27',	'123EC',	28	),
                            (	29,	'2020-03-18',	'2022-02-10',	'123AD',	29	),
                            (	30,	'2020-12-09',	'2022-01-27',	'123CD',	30	),
                            (	31,	'2020-06-02',	'2022-03-17',	'123BC',	31	),
                            (	32,	'2020-05-11',	'2022-02-11',	'123EC',	32	),
                            (	33,	'2020-01-01',	'2022-04-18',	'123AD',	33	),
                            (	34,	'2020-12-02',	'2022-10-17',	'123CD',	34	),
                            (	35,	'2020-09-30',	'2022-12-06',	'123BC',	35	),
                            (	36,	'2020-12-04',	'2022-05-26',	'123EC',	36	),
                            (	37,	'2020-03-12',	'2022-03-28',	'123AD',	37	),
                            (	38,	'2020-06-12',	'2022-07-21',	'123CD',	38	),
                            (	39,	'2020-08-25',	'2022-11-15',	'123BC',	39	),
                            (	40,	'2020-11-20',	'2022-04-13',	'123EC',	40	),
                            (	41,	'2020-10-21',	'2022-02-15',	'123AD',	41	),
                            (	42,	'2020-02-07',	'2022-10-20',	'123CD',	42	),
                            (	43,	'2020-08-10',	'2022-08-03',	'123BC',	43	),
                            (	44,	'2020-10-08',	'2022-10-26',	'123EC',	44	),
                            (	45,	'2020-07-15',	'2022-10-11',	'123AD',	45	),
                            (	46,	'2020-10-26',	'2022-09-28',	'123CD',	46	),
                            (	47,	'2020-11-03',	'2022-07-21',	'123BC',	47	),
                            (	48,	'2020-05-04',	'2022-08-10',	'123EC',	48	),
                            (	49,	'2020-03-04',	'2022-03-17',	'123AD',	49	),
                            (	50,	'2020-03-20',	'2022-05-10',	'123CD',	50	),
                            (	51,	'2020-06-19',	'2022-11-22',	'123BC',	51	),
                            (	52,	'2020-06-09',	'2022-02-15',	'123EC',	52	),
                            (	53,	'2020-02-18',	'2022-10-07',	'123AD',	53	),
                            (	54,	'2020-05-18',	'2022-06-24',	'123CD',	54	),
                            (	55,	'2020-11-05',	'2022-10-03',	'123BC',	55	),
                            (	56,	'2020-05-22',	'2022-03-14',	'123EC',	56	),
                            (	57,	'2020-06-18',	'2022-08-01',	'123AD',	57	),
                            (	58,	'2020-05-06',	'2022-03-22',	'123CD',	58	),
                            (	59,	'2020-07-31',	'2022-04-13',	'123BC',	59	),
                            (	60,	'2020-04-01',	'2022-02-11',	'123EC',	60	),
                            (	61,	'2020-11-20',	'2022-01-03',	'123AD',	61	),
                            (	62,	'2020-04-08',	'2022-04-22',	'123CD',	62	),
                            (	63,	'2020-06-16',	'2022-04-08',	'123BC',	63	),
                            (	64,	'2020-07-09',	'2022-02-24',	'123EC',	64	),
                            (	65,	'2020-04-23',	'2022-10-03',	'123AD',	65	),
                            (	66,	'2020-10-21',	'2022-11-30',	'123CD',	66	),
                            (	67,	'2020-06-30',	'2022-03-23',	'123BC',	67	),
                            (	68,	'2020-10-22',	'2022-10-13',	'123EC',	68	),
                            (	69,	'2020-05-11',	'2022-10-25',	'123AD',	69	),
                            (	70,	'2020-12-04',	'2022-03-15',	'123CD',	70	),
                            (	71,	'2020-11-27',	'2022-07-19',	'123BC',	71	),
                            (	72,	'2020-11-12',	'2022-09-09',	'123EC',	72	);





CREATE TABLE Jobs(Job_id varchar(10),
                  Job_title varchar(35),
                  Min_salary int,
                  Max_salary int);

INSERT INTO Jobs VALUES
                     ('123AD',  'Lakowe Infrastructure',90000,200000),
                     ('123CD',	'Jahi Roads Project',80000,150000),
                     ('123BC',	'Udi Hills wastewater plant',75000,170000),
                     ('123EC',	'Aja water plant',100000,250000),
                     ('123AD',	'Lakowe Infrastructure'	,	90000,	200000	),
                     ('123CD'	,	'Jahi Roads Project'	,	80000,	150000	),
                     ('123BC'	,	'Udi Hills wastewater plant'	,	75000,	170000	),
                     ('123EC'	,	'Aja water plant'	,	100000,	250000	),
                     ('123AD'	,	'Lakowe Infrastructure'	,	90000,	200000	),
                     ('123CD'	,	'Jahi Roads Project'	,	80000,	150000	),
                     ('123BC'	,	'Udi Hills wastewater plant'	,	75000,	170000	),
                     ('123EC'	,	'Aja water plant'	,	100000,	250000	),
                     ('123AD'	,	'Lakowe Infrastructure'	,	90000,	200000	),
                     ('123CD'	,	'Jahi Roads Project'	,	80000,	150000	),
                     ('123BC'	,	'Udi Hills wastewater plant'	,	75000,	170000	),
                     ('123EC'	,	'Aja water plant'	,	100000,	250000	),
                     ('123AD'	,	'Lakowe Infrastructure'	,	90000,	200000	),
                     ('123CD'	,	'Jahi Roads Project'	,	80000,	150000	),
                     ('123BC'	,	'Udi Hills wastewater plant'	,	75000,	170000),
                     ('123EC'	,	'Aja water plant'	,	100000,	250000	),
                     ('123AD'	,	'Lakowe Infrastructure'	,	90000,	200000	),
                     ('123CD'	,	'Jahi Roads Project'	,	80000,	150000	),
                     ('123BC'	,	'Udi Hills wastewater plant'	,	75000,	170000	),
                     ('123EC'	,	'Aja water plant'	,	100000,	250000	),
                     ('123AD'	,	'Lakowe Infrastructure'	,	90000,	200000),
                     ('123CD'	,	'Jahi Roads Project'	,	80000,	150000),
                     ('123BC'	,	'Udi Hills wastewater plant'	,	75000,	170000),
                     ('123EC'	,	'Aja water plant'	,	100000,	250000),
                     ('123AD'	,	'Lakowe Infrastructure'	,	90000,	200000	),
                     ('123CD'	,	'Jahi Roads Project'	,	80000,	150000	),
                     ('123BC'	,	'Udi Hills wastewater plant'	,	75000,	170000	),
                     ('123EC'	,	'Aja water plant'	,	100000,	250000),
                     ('123AD'	,	'Lakowe Infrastructure'	,	90000,	200000),
                     ('123CD'	,	'Jahi Roads Project'	,	80000,	150000),
                     ('123BC'	,	'Udi Hills wastewater plant'	,	75000,	170000),
                     ('123EC'	,	'Aja water plant'	,	100000,	250000),
                     ('123AD'	,	'Lakowe Infrastructure'	,	90000,	200000),
                     ('123CD'	,	'Jahi Roads Project'	,	80000,	150000),
                     ('123BC'	,	'Udi Hills wastewater plant'	,	75000,	170000),
                     ('123EC'	,	'Aja water plant'	,	100000,	250000),
                     ('123AD'	,	'Lakowe Infrastructure'	,	90000,	200000),
                     ('123CD'	,	'Jahi Roads Project'	,	80000,	150000	),
                     ('123BC'	,	'Udi Hills wastewater plant'	,	75000,	170000),
                     ('123EC'	,	'Aja water plant'	,	100000,	250000	),
                     ('123AD'	,	'Lakowe Infrastructure'	,	90000,	200000	),
                     ('123CD'	,	'Jahi Roads Project'	,	80000,	150000	),
                     ('123BC'	,	'Udi Hills wastewater plant'	,	75000,	170000	),
                     ('123EC'	,	'Aja water plant'	,	100000,	250000),
                     ('123AD'	,	'Lakowe Infrastructure'	,	90000,	200000),
                     ('123CD'	,	'Jahi Roads Project'	,	80000,	150000),
                     ('123BC'	,	'Udi Hills wastewater plant'	,	75000,	170000),
                     ('123EC'	,	'Aja water plant'	,	100000,	250000),
                     ('123AD'	,	'Lakowe Infrastructure'	,	90000,	200000),
                     ('123CD'	,	'Jahi Roads Project'	,	80000,	150000	),
                     ('123BC'	,	'Udi Hills wastewater plant'	,	75000,	170000	),
                     ('123EC'	,	'Aja water plant'	,	100000,	250000),
                     ('123AD'	,	'Lakowe Infrastructure'	,	90000,	200000),
                     ('123CD'	,	'Jahi Roads Project'	,	80000,	150000),
                     ('123BC'	,	'Udi Hills wastewater plant'	,	75000,	170000),
                     ('123EC'	,	'Aja water plant'	,	100000,	250000),
                     ('123AD'	,	'Lakowe Infrastructure'	,	90000,	200000	),
                     ('123CD'    ,	'Jahi Roads Project'	,	80000,	150000	),
                     ('123BC'	,	'Udi Hills wastewater plant'	,	75000,	170000),
                     ('123EC'	,	'Aja water plant'	,	100000,	250000),
                     ('123AD'	,	'Lakowe Infrastructure'	,	90000,	200000	),
                     ('123CD'	,	'Jahi Roads Project'	,	80000,	150000	),
                     ('123BC'	,	'Udi Hills wastewater plant'	,	75000,	170000),
                     ('123EC'	,	'Aja water plant'	,	100000,	250000),
                     ('123AD'	,	'Lakowe Infrastructure'	,	90000,	200000),
                     ('123CD'	,	'Jahi Roads Project'	,	80000,	150000	),
                     ('123BC'	,	'Udi Hills wastewater plant'	,	75000,	170000),
                     ('123EC'	,	'Aja water plant'	,	100000,	250000	);
#


CREATE TABLE Job_grades(Grade_level varchar(2),
                        Lowest_salary int,
                        Highest_salary int);

INSERT INTO Job_grades VALUES
                           ('G5', 85000, 120000),
                           ('G4', 80000, 100000),
                           ('G6', 90000, 150000),
                           ('G8', 120000, 200000);